word	nodeType	unit
magic	ADJ	ATE11
free	ADJ	ATE11
rash	ADJ	ATE11
sunken	ADJ	ATE11
lifeless	ADJ	ATE11
foul	ADJ	ATE11
evil	ADJ	ATE11
evil	ADJ	ATE11
sure	ADJ	ATE11
unattractive	ADJ	ATE11
unattractive	ADJ	ATE11
desperate	ADJ	ATE11
more	ADJ	ATE11
free	ADJ	ATE11
free	ADJ	ATE11
magical	ADJ	ATE11
left	ADJ	ATE11
cool	ADJ	ATE11
mystical	ADJ	ATE11
dangerous	ADJ	ATE11
magical	ADJ	ATE11
free	ADJ	ATE11
right	ADJ	ATE11
big	ADJ	ATE11
ancient	ADJ	ATE11
same	ADJ	ATE11
free	ADJ	ATE11
mystical	ADJ	ATE11
young	ADJ	ATE11
Most	ADJ	ATE11
ready	ADJ	ATE11
responsible	ADJ	ATE11
full	ADJ	ATE11
responsible	ADJ	ATE11
embarrassed	ADJ	ATE11
fine	ADJ	ATE11
fine	ADJ	ATE11
star	ADJ	ATE11
big	ADJ	ATE11
final	ADJ	ATE11
final	ADJ	ATE11
gross	ADJ	ATE11
normal	ADJ	ATE11
same	ADJ	ATE11
amazed	ADJ	ATE11
last	ADJ	ATE11
total	ADJ	ATE11
stupid	ADJ	ATE11
hysterical	ADJ	ATE11
unhappy	ADJ	ATE11
cool	ADJ	ATE11
cool	ADJ	ATE11
radical	ADJ	ATE11
ready	ADJ	ATE11
more	ADJ	ATE11
more	ADJ	ATE11
more	ADJ	ATE11
right	ADJ	ATE11
fine	ADJ	ATE11
okay	ADJ	ATE11
disgusted	ADJ	ATE11
new	ADJ	ATE11
dimensional	ADJ	ATE11
cool	ADJ	ATE11
excellent	ADJ	ATE11
third	ADJ	ATE11
next	ADJ	ATE11
orange	ADJ	ATE11
fake	ADJ	ATE11
next	ADJ	ATE11
tilted	ADJ	ATE11
big	ADJ	ATE11
ready	ADJ	ATE11
good	ADJ	ATE11
limitless	ADJ	ATE11
new	ADJ	ATE11
good	ADJ	ATE11
asleep	ADJ	ATE11
lame	ADJ	ATE11
ready	ADJ	ATE11
big	ADJ	ATE11
true	ADJ	ATE11
last	ADJ	ATE11
free	ADJ	ATE11
final	ADJ	ATE11
ultimate	ADJ	ATE11
sure	ADJ	ATE11
familiar	ADJ	ATE11
ready	ADJ	ATE11
responsible	ADJ	ATE11
easy	ADJ	ATE11
glorious	ADJ	ATE11
big	ADJ	ATE11
big	ADJ	ATE11
very	ADJ	ATE11
ultimate	ADJ	ATE11
close	ADJ	ATE11
eld	ADJ	ATE11
natural	ADJ	ATE11
ultimate	ADJ	ATE11
frustrated	ADJ	ATE11
old	ADJ	ATE11
well	ADJ	ATE11
ancient	ADJ	ATE11
young	ADJ	ATE11
newfangled	ADJ	ATE11
alive	ADJ	ATE11
crazy	ADJ	ATE11
bouncy	ADJ	ATE11
asleep	ADJ	ATE11
other	ADJ	ATE11
powerful	ADJ	ATE11
entire	ADJ	ATE11
main	ADJ	ATE11
animate	ADJ	ATE11
alive	ADJ	ATE11
stupid	ADJ	ATE11
young	ADJ	ATE11
responsible	ADJ	ATE11
old	ADJ	ATE11
annoyed	ADJ	ATE11
giant	ADJ	ATE11
nice	ADJ	ATE11
few	ADJ	ATE11
right	ADJ	ATE11
free	ADJ	ATE11
good	ADJ	ATE11
glad	ADJ	ATE11
naked	ADJ	ATE11
free	ADJ	ATE11
full	ADJ	ATE11
squid	ADJ	ATE10
other	ADJ	ATE10
many	ADJ	ATE10
bad	ADJ	ATE10
human	ADJ	ATE10
bad	ADJ	ATE10
well	ADJ	ATE10
half	ADJ	ATE10
half	ADJ	ATE10
serious	ADJ	ATE10
ohhhhhhhh	ADJ	ATE10
cold	ADJ	ATE10
hearted	ADJ	ATE10
long	ADJ	ATE10
own	ADJ	ATE10
small	ADJ	ATE10
cool	ADJ	ATE10
wrong	ADJ	ATE10
sad	ADJ	ATE10
tough	ADJ	ATE10
soooo	ADJ	ATE10
sad	ADJ	ATE10
rough	ADJ	ATE10
other	ADJ	ATE10
slight	ADJ	ATE10
smooth	ADJ	ATE10
raunchy	ADJ	ATE10
maddening	ADJ	ATE10
disgusting	ADJ	ATE10
fantastic	ADJ	ATE10
first	ADJ	ATE10
rough	ADJ	ATE10
real	ADJ	ATE10
ready	ADJ	ATE10
rough	ADJ	ATE10
other	ADJ	ATE10
little	ADJ	ATE10
right	ADJ	ATE10
sure	ADJ	ATE10
rough	ADJ	ATE10
perfect	ADJ	ATE10
several	ADJ	ATE10
smooth	ADJ	ATE10
right	ADJ	ATE10
terrible	ADJ	ATE10
bad	ADJ	ATE10
good	ADJ	ATE10
sorry	ADJ	ATE10
fair	ADJ	ATE10
fair	ADJ	ATE10
real	ADJ	ATE10
small	ADJ	ATE10
least	ADJ	ATE10
more	ADJ	ATE10
pet	ADJ	ATE10
pet	ADJ	ATE10
great	ADJ	ATE10
other	ADJ	ATE10
awesome	ADJ	ATE10
other	ADJ	ATE10
good	ADJ	ATE10
cool	ADJ	ATE10
right	ADJ	ATE10
fine	ADJ	ATE10
great	ADJ	ATE10
crazy	ADJ	ATE10
other	ADJ	ATE10
raw	ADJ	ATE10
happy	ADJ	ATE10
other	ADJ	ATE10
rashy	ADJ	ATE10
entire	ADJ	ATE10
other	ADJ	ATE10
fine	ADJ	ATE10
okay	ADJ	ATE10
healthy	ADJ	ATE10
healthy	ADJ	ATE10
beautiful	ADJ	ATE10
gorgeous	ADJ	ATE10
second	ADJ	ATE10
quiet	ADJ	ATE10
itchy	ADJ	ATE10
cold	ADJ	ATE10
naked	ADJ	ATE10
crazy	ADJ	ATE10
old	ADJ	ATE10
different	ADJ	ATE10
wrong	ADJ	ATE10
stuck	ADJ	ATE10
happy	ADJ	ATE10
several	ADJ	ATE10
happy	ADJ	ATE10
more	ADJ	ATE10
dirty	ADJ	ATE10
dirty	ADJ	ATE10
happy	ADJ	ATE10
corny	ADJ	ATE10
ready	ADJ	ATE10
ready	ADJ	ATE10
ready	ADJ	ATE10
several	ADJ	ATE10
naked	ADJ	ATE10
gorgeous	ADJ	ATE10
vaporized	ADJ	ATE12
true	ADJ	ATE12
honest	ADJ	ATE12
true	ADJ	ATE12
reliable	ADJ	ATE12
reliable	ADJ	ATE12
very	ADJ	ATE12
good	ADJ	ATE12
full	ADJ	ATE12
mysterious	ADJ	ATE12
scary	ADJ	ATE12
unprepared	ADJ	ATE12
reliable	ADJ	ATE12
open	ADJ	ATE12
scared	ADJ	ATE12
total	ADJ	ATE12
afraid	ADJ	ATE12
exhausted	ADJ	ATE12
goldfish	ADJ	ATE12
giant	ADJ	ATE12
ordinary	ADJ	ATE12
little	ADJ	ATE12
wonderful	ADJ	ATE12
cool	ADJ	ATE12
tired	ADJ	ATE12
warm	ADJ	ATE12
great	ADJ	ATE12
good	ADJ	ATE12
true	ADJ	ATE12
new	ADJ	ATE12
wild	ADJ	ATE12
nuts	ADJ	ATE12
bla	ADJ	ATE12
ble	ADJ	ATE12
ble	ADJ	ATE12
bla	ADJ	ATE12
convinced	ADJ	ATE12
weak	ADJ	ATE12
little	ADJ	ATE12
lucky	ADJ	ATE12
awesome	ADJ	ATE12
gross	ADJ	ATE12
good	ADJ	ATE12
new	ADJ	ATE12
feelin	ADJ	ATE12
feelin	ADJ	ATE12
feelin	ADJ	ATE12
satisfied	ADJ	ATE12
wrong	ADJ	ATE12
pretty	ADJ	ATE12
awesome	ADJ	ATE12
well	ADJ	ATE12
right	ADJ	ATE12
little	ADJ	ATE12
scared	ADJ	ATE12
pathetic	ADJ	ATE12
little	ADJ	ATE12
pathetic	ADJ	ATE12
ready	ADJ	ATE12
fun	ADJ	ATE12
dead	ADJ	ATE12
hardcore	ADJ	ATE12
old	ADJ	ATE12
slow	ADJ	ATE13
ready	ADJ	ATE13
hard	ADJ	ATE13
aoh	ADJ	ATE13
hard	ADJ	ATE13
good	ADJ	ATE13
giant	ADJ	ATE13
dead	ADJ	ATE13
good	ADJ	ATE13
pure	ADJ	ATE13
about	ADJ	ATE13
little	ADJ	ATE13
little	ADJ	ATE13
okay	ADJ	ATE13
other	ADJ	ATE13
wrong	ADJ	ATE13
terrible	ADJ	ATE13
whole	ADJ	ATE13
pure	ADJ	ATE13
hopeless	ADJ	ATE13
other	ADJ	ATE13
redoodoodiculous	ADJ	ATE13
whole	ADJ	ATE13
little	ADJ	ATE13
headed	ADJ	ATE13
wrong	ADJ	ATE13
fun	ADJ	ATE13
headed	ADJ	ATE13
headed	ADJ	ATE13
headed	ADJ	ATE13
headed	ADJ	ATE13
new	ADJ	ATE13
asleep	ADJ	ATE13
pure	ADJ	ATE13
little	ADJ	ATE13
great	ADJ	ATE13
magical	ADJ	ATE13
pure	ADJ	ATE13
top	ADJ	ATE13
light	ADJ	ATE13
blue	ADJ	ATE13
afraid	ADJ	ATE13
red	ADJ	ATE13
able	ADJ	ATE13
good	ADJ	ATE13
high	ADJ	ATE13
only	ADJ	ATE13
great	ADJ	ATE13
sorry	ADJ	ATE13
much	ADJ	ATE13
able	ADJ	ATE13
black	ADJ	ATE13
crooked	ADJ	ATE13
easy	ADJ	ATE13
cute	ADJ	ATE13
little	ADJ	ATE13
stupid	ADJ	ATE13
dirty	ADJ	ATE13
criminal	ADJ	ATE13
pure	ADJ	ATE13
right	ADJ	ATE13
enough	ADJ	ATE13
impure	ADJ	ATE13
unfit	ADJ	ATE13
unfit	ADJ	ATE13
alone	ADJ	ATE13
super	ADJ	ATE13
-	ADJ	ATE13
big	ADJ	ATE13
dirty	ADJ	ATE13
filthy	ADJ	ATE13
wicked	ADJ	ATE13
different	ADJ	ATE13
black	ADJ	ATE13
crooked	ADJ	ATE13
other	ADJ	ATE13
poor	ADJ	ATE13
homeless	ADJ	ATE13
sorry	ADJ	ATE13
nearby	ADJ	ATE13
clean	ADJ	ATE13
clean	ADJ	ATE13
clean	ADJ	ATE13
young	ADJ	ATE13
welcome	ADJ	ATE13
squeaky	ADJ	ATE13
clean	ADJ	ATE13
good	ADJ	ATE13
virgin	ADJ	ATE13
second	ADJ	ATE13
pure	ADJ	ATE13
naked	ADJ	ATE13
glazed	ADJ	ATE17
open	ADJ	ATE17
okay	ADJ	ATE17
bored	ADJ	ATE17
good	ADJ	ATE17
about	ADJ	ATE17
same	ADJ	ATE17
right	ADJ	ATE17
sweet	ADJ	ATE17
last	ADJ	ATE17
threatening	ADJ	ATE17
stupid	ADJ	ATE17
good	ADJ	ATE17
good	ADJ	ATE17
right	ADJ	ATE17
cool	ADJ	ATE17
lucky	ADJ	ATE17
weird	ADJ	ATE17
pretty	ADJ	ATE17
good	ADJ	ATE17
creepy	ADJ	ATE17
happy	ADJ	ATE17
last	ADJ	ATE17
hot	ADJ	ATE17
good	ADJ	ATE17
right	ADJ	ATE17
angry	ADJ	ATE17
giant	ADJ	ATE17
different	ADJ	ATE17
good	ADJ	ATE17
good	ADJ	ATE17
more	ADJ	ATE17
fine	ADJ	ATE17
serious	ADJ	ATE17
sure	ADJ	ATE17
well	ADJ	ATE17
comfortable	ADJ	ATE17
y'know	ADJ	ATE17
free	ADJ	ATE17
double	ADJ	ATE17
big	ADJ	ATE17
nervous	ADJ	ATE17
beautiful	ADJ	ATE17
good	ADJ	ATE17
up—80	ADJ	ATE17
sure	ADJ	ATE17
old	ADJ	ATE17
old	ADJ	ATE17
old	ADJ	ATE17
nearby	ADJ	ATE17
stinky	ADJ	ATE17
old	ADJ	ATE17
male	ADJ	ATE17
female	ADJ	ATE17
other	ADJ	ATE17
beautiful	ADJ	ATE17
bad	ADJ	ATE17
happy	ADJ	ATE17
lousy	ADJ	ATE17
black	ADJ	ATE17
happy	ADJ	ATE17
lame	ADJ	ATE17
prepared	ADJ	ATE17
bored	ADJ	ATE17
weird	ADJ	ATE17
traditional	ADJ	ATE17
good	ADJ	ATE17
cool	ADJ	ATE17
glad	ADJ	ATE17
happy	ADJ	ATE17
crazy	ADJ	ATE17
huge	ADJ	ATE17
gross	ADJ	ATE17
large	ADJ	ATE17
allergic	ADJ	ATE17
old	ADJ	ATE17
free	ADJ	ATE17
happy	ADJ	ATE17
spiky	ADJ	ATE17
ready	ADJ	ATE17
total	ADJ	ATE17
right	ADJ	ATE17
worth	ADJ	ATE17
spontaneous	ADJ	ATE17
wrong	ADJ	ATE17
wrong	ADJ	ATE17
wrong	ADJ	ATE17
normal	ADJ	ATE17
sized	ADJ	ATE17
good	ADJ	ATE17
lousy	ADJ	ATE17
right	ADJ	ATE17
married	ADJ	ATE17
official	ADJ	ATE17
normal	ADJ	ATE17
dark	ADJ	ATE16
gross	ADJ	ATE16
red	ADJ	ATE16
ominous	ADJ	ATE16
slow	ADJ	ATE16
barefoot	ADJ	ATE16
red	ADJ	ATE16
ominous	ADJ	ATE16
black	ADJ	ATE16
afraid	ADJ	ATE16
deep	ADJ	ATE16
afraid	ADJ	ATE16
wuss	ADJ	ATE16
scared	ADJ	ATE16
true	ADJ	ATE16
true	ADJ	ATE16
scared	ADJ	ATE16
deep	ADJ	ATE16
right	ADJ	ATE16
panting	ADJ	ATE16
normal	ADJ	ATE16
wrong	ADJ	ATE16
afraid	ADJ	ATE16
few	ADJ	ATE16
scared	ADJ	ATE16
ok	ADJ	ATE16
scared	ADJ	ATE16
scared	ADJ	ATE16
afraid	ADJ	ATE16
hot	ADJ	ATE16
scared	ADJ	ATE16
scared	ADJ	ATE16
afraid	ADJ	ATE16
multiple	ADJ	ATE16
rapid	ADJ	ATE16
single	ADJ	ATE16
slow	ADJ	ATE16
afraid	ADJ	ATE16
afraid	ADJ	ATE16
ready	ADJ	ATE16
ready	ADJ	ATE16
entire	ADJ	ATE16
crazy	ADJ	ATE16
ok	ADJ	ATE16
nuts	ADJ	ATE16
great	ADJ	ATE16
great	ADJ	ATE16
ready	ADJ	ATE16
underwater	ADJ	ATE16
pre	ADJ	ATE16
-	ADJ	ATE16
war	ADJ	ATE16
safe	ADJ	ATE16
safe	ADJ	ATE16
perfect	ADJ	ATE16
more	ADJ	ATE16
good	ADJ	ATE16
small	ADJ	ATE16
rusty	ADJ	ATE16
awesome	ADJ	ATE16
pretty	ADJ	ATE16
more	ADJ	ATE16
beautiful	ADJ	ATE16
afraid	ADJ	ATE16
beautiful	ADJ	ATE16
bad	ADJ	ATE16
glad	ADJ	ATE16
black	ADJ	ATE16
cool	ADJ	ATE16
perfect	ADJ	ATE16
sure	ADJ	ATE16
pathetic	ADJ	ATE16
about	ADJ	ATE16
un	ADJ	ATE16
-	ADJ	ATE16
heroic	ADJ	ATE16
right	ADJ	ATE16
right	ADJ	ATE16
great	ADJ	ATE16
good	ADJ	ATE16
own	ADJ	ATE16
proud	ADJ	ATE16
proud	ADJ	ATE16
great	ADJ	ATE16
right	ADJ	ATE16
black	ADJ	ATE16
wrong	ADJ	ATE16
great	ADJ	ATE16
late	ADJ	ATE16
great	ADJ	ATE16
nasty	ADJ	ATE16
wonderful	ADJ	ATE16
least	ADJ	ATE16
maniacal	ADJ	ATE16
locked	ADJ	ATE14
cool	ADJ	ATE14
bad	ADJ	ATE14
poisonous	ADJ	ATE14
magic	ADJ	ATE14
full	ADJ	ATE14
weird	ADJ	ATE14
hungry	ADJ	ATE14
magic	ADJ	ATE14
okay	ADJ	ATE14
little	ADJ	ATE14
chilly	ADJ	ATE14
magical	ADJ	ATE14
more	ADJ	ATE14
only	ADJ	ATE14
sorry	ADJ	ATE14
wrong	ADJ	ATE14
total	ADJ	ATE14
alright	ADJ	ATE14
industrial	ADJ	ATE14
deep	ADJ	ATE14
hard	ADJ	ATE14
magic	ADJ	ATE14
clear	ADJ	ATE14
many	ADJ	ATE14
lucky	ADJ	ATE14
first	ADJ	ATE14
right	ADJ	ATE14
magic	ADJ	ATE14
energetic	ADJ	ATE14
little	ADJ	ATE14
whole	ADJ	ATE14
tired	ADJ	ATE14
evil	ADJ	ATE14
lazy	ADJ	ATE14
hard	ADJ	ATE14
good	ADJ	ATE14
little	ADJ	ATE14
ideal	ADJ	ATE14
old	ADJ	ATE14
exhausting	ADJ	ATE14
right	ADJ	ATE14
exhausting	ADJ	ATE14
subconscious	ADJ	ATE14
true	ADJ	ATE14
hard	ADJ	ATE14
easy	ADJ	ATE14
subconscious	ADJ	ATE14
glad	ADJ	ATE14
hard	ADJ	ATE14
wrong	ADJ	ATE14
various	ADJ	ATE14
large	ADJ	ATE14
annoyed	ADJ	ATE14
ergh	ADJ	ATE14
stupid	ADJ	ATE14
other	ADJ	ATE14
magic	ADJ	ATE14
right	ADJ	ATE14
chubby	ADJ	ATE14
tired	ADJ	ATE14
stupid	ADJ	ATE14
powerless	ADJ	ATE14
lazy	ADJ	ATE14
prideful	ADJ	ATE14
much	ADJ	ATE14
hard	ADJ	ATE14
regular	ADJ	ATE14
old	ADJ	ATE14
ironic	ADJ	ATE14
current	ADJ	ATE14
big	ADJ	ATE14
giant	ADJ	ATE14
giant	ADJ	ATE14
beautiful	ADJ	ATE14
gross	ADJ	ATE14
kinda	ADJ	ATE14
black	ADJ	ATE14
giant	ADJ	ATE14
hungry	ADJ	ATE14
desperate	ADJ	ATE14
only	ADJ	ATE14
fat	ADJ	ATE14
sorry	ADJ	ATE14
sorry	ADJ	ATE14
humiliating	ADJ	ATE14
only	ADJ	ATE14
subconscious	ADJ	ATE14
cool	ADJ	ATE14
subconscious	ADJ	ATE14
dyin	ADJ	ATE14
old	ADJ	ATE14
magical	ADJ	ATE14
humble	ADJ	ATE14
alive	ADJ	ATE14
good	ADJ	ATE14
magic	ADJ	ATE14
subconscious	ADJ	ATE14
subconscious	ADJ	ATE14
big	ADJ	ATE14
great	ADJ	ATE14
cutesy	ADJ	ATE14
cute	ADJ	ATE14
glad	ADJ	ATE14
funny	ADJ	ATE15
funny	ADJ	ATE15
mortal	ADJ	ATE15
hard	ADJ	ATE15
long	ADJ	ATE15
right	ADJ	ATE15
awake	ADJ	ATE15
well	ADJ	ATE15
big	ADJ	ATE15
well	ADJ	ATE15
well	ADJ	ATE15
young	ADJ	ATE15
well	ADJ	ATE15
full	ADJ	ATE15
perfect	ADJ	ATE15
eager	ADJ	ATE15
cold	ADJ	ATE15
personal	ADJ	ATE15
hot	ADJ	ATE15
good	ADJ	ATE15
more	ADJ	ATE15
full	ADJ	ATE15
dumb	ADJ	ATE15
beautiful	ADJ	ATE15
daring	ADJ	ATE15
daring	ADJ	ATE15
awesome	ADJ	ATE15
mock	ADJ	ATE15
female	ADJ	ATE15
terrible	ADJ	ATE15
normal	ADJ	ATE15
right	ADJ	ATE15
low	ADJ	ATE15
stupid	ADJ	ATE15
asleep	ADJ	ATE15
magic	ADJ	ATE15
frustrated	ADJ	ATE15
free	ADJ	ATE15
very	ADJ	ATE15
hardcore	ADJ	ATE15
fat	ADJ	ATE15
fat	ADJ	ATE15
fat	ADJ	ATE15
fat	ADJ	ATE15
little	ADJ	ATE15
melty	ADJ	ATE15
melty	ADJ	ATE15
beautiful	ADJ	ATE15
great	ADJ	ATE15
lucky	ADJ	ATE15
functional	ADJ	ATE15
semi	ADJ	ATE15
-	ADJ	ATE15
loyal	ADJ	ATE15
innocent	ADJ	ATE15
functional	ADJ	ATE15
right	ADJ	ATE15
different	ADJ	ATE15
deep	ADJ	ATE15
troubled	ADJ	ATE15
sudden	ADJ	ATE15
heavy	ADJ	ATE15
unsettling	ADJ	ATE15
about	ADJ	ATE15
full	ADJ	ATE15
small	ADJ	ATE15
private	ADJ	ATE15
more	ADJ	ATE15
crybaby	ADJ	ATE15
angry	ADJ	ATE15
full	ADJ	ATE15
beautiful	ADJ	ATE15
imaginary	ADJ	ATE15
little	ADJ	ATE15
pretty	ADJ	ATE1
full	ADJ	ATE1
different	ADJ	ATE1
more	ADJ	ATE1
explosive	ADJ	ATE1
explosive	ADJ	ATE1
giant	ADJ	ATE1
good	ADJ	ATE1
dead	ADJ	ATE1
young	ADJ	ATE1
healthy	ADJ	ATE1
tough	ADJ	ATE1
wrong	ADJ	ATE1
giant	ADJ	ATE1
whole	ADJ	ATE1
wrong	ADJ	ATE1
dead	ADJ	ATE1
incomplete	ADJ	ATE1
bad	ADJ	ATE1
good	ADJ	ATE1
large	ADJ	ATE1
sweet	ADJ	ATE1
hot	ADJ	ATE1
hot	ADJ	ATE1
bad	ADJ	ATE1
present	ADJ	ATE1
welcome	ADJ	ATE1
momentous	ADJ	ATE1
large	ADJ	ATE1
scared	ADJ	ATE1
important	ADJ	ATE1
sure	ADJ	ATE1
ignorant	ADJ	ATE1
least	ADJ	ATE1
ok	ADJ	ATE1
deep	ADJ	ATE1
saucy	ADJ	ATE1
alright	ADJ	ATE1
great	ADJ	ATE1
alone	ADJ	ATE1
cute	ADJ	ATE1
old	ADJ	ATE1
dead	ADJ	ATE1
bad	ADJ	ATE1
crazy	ADJ	ATE1
super	ADJ	ATE1
easy	ADJ	ATE1
cool	ADJ	ATE1
first	ADJ	ATE1
scared	ADJ	ATE1
main	ADJ	ATE1
permanent	ADJ	ATE1
convenient	ADJ	ATE1
great	ADJ	ATE1
new	ADJ	ATE1
blindfolded	ADJ	ATE1
tasty	ADJ	ATE1
improbable	ADJ	ATE1
dead	ADJ	ATE1
unaffected	ADJ	ATE1
dead	ADJ	ATE1
big	ADJ	ATE1
bad	ADJ	ATE1
stupid	ADJ	ATE1
hot	ADJ	ATE1
terrible	ADJ	ATE1
complicated	ADJ	ATE1
well	ADJ	ATE1
right	ADJ	ATE1
correct	ADJ	ATE1
royal	ADJ	ATE1
good	ADJ	ATE1
simple	ADJ	ATE1
smart	ADJ	ATE1
welcome	ADJ	ATE1
last	ADJ	ATE1
sweet	ADJ	ATE1
more	ADJ	ATE1
former	ADJ	ATE1
dead	ADJ	ATE1
nuts	ADJ	ATE1
royal	ADJ	ATE1
full	ADJ	ATE1
awake	ADJ	ATE1
adorable	ADJ	ATE1
delicious	ADJ	ATE1
delicious	ADJ	ATE1
high	ADJ	ATE3
giant	ADJ	ATE3
big	ADJ	ATE3
holy	ADJ	ATE3
big	ADJ	ATE3
front	ADJ	ATE3
hot	ADJ	ATE3
sexy	ADJ	ATE3
hot	ADJ	ATE3
sexy	ADJ	ATE3
hot	ADJ	ATE3
small	ADJ	ATE3
cool	ADJ	ATE3
cool	ADJ	ATE3
angry	ADJ	ATE3
sure	ADJ	ATE3
plastic	ADJ	ATE3
captive	ADJ	ATE3
okay	ADJ	ATE3
first	ADJ	ATE3
sure	ADJ	ATE3
right	ADJ	ATE3
young	ADJ	ATE3
serious	ADJ	ATE3
sweet	ADJ	ATE3
worried	ADJ	ATE3
nuts	ADJ	ATE3
sad	ADJ	ATE3
little	ADJ	ATE3
okay	ADJ	ATE3
free	ADJ	ATE3
fine	ADJ	ATE3
sorry	ADJ	ATE3
alright	ADJ	ATE3
favorite	ADJ	ATE3
quirky	ADJ	ATE3
little	ADJ	ATE3
possible	ADJ	ATE3
bored	ADJ	ATE3
last	ADJ	ATE3
fun	ADJ	ATE3
lame	ADJ	ATE3
other	ADJ	ATE3
same	ADJ	ATE3
middle	ADJ	ATE3
electric	ADJ	ATE3
dear	ADJ	ATE3
much	ADJ	ATE3
fun	ADJ	ATE3
fun	ADJ	ATE3
more	ADJ	ATE3
fun	ADJ	ATE3
right	ADJ	ATE3
good	ADJ	ATE3
good	ADJ	ATE3
fun	ADJ	ATE3
fun	ADJ	ATE3
good	ADJ	ATE3
fun	ADJ	ATE3
fun	ADJ	ATE3
good	ADJ	ATE3
entire	ADJ	ATE3
fun	ADJ	ATE3
simple	ADJ	ATE3
more	ADJ	ATE3
free	ADJ	ATE3
wrong	ADJ	ATE3
potential	ADJ	ATE3
naked	ADJ	ATE3
magic	ADJ	ATE3
shaggy	ADJ	ATE3
hard	ADJ	ATE3
good	ADJ	ATE3
wrong	ADJ	ATE3
big	ADJ	ATE3
cool	ADJ	ATE3
star	ADJ	ATE3
ticklish	ADJ	ATE3
welcome	ADJ	ATE3
gross	ADJ	ATE3
sorry	ADJ	ATE3
big	ADJ	ATE2
more	ADJ	ATE2
hard	ADJ	ATE2
easy	ADJ	ATE2
big	ADJ	ATE2
muffled	ADJ	ATE2
new	ADJ	ATE2
ominous	ADJ	ATE2
early	ADJ	ATE2
serious	ADJ	ATE2
y'know	ADJ	ATE2
lumpy	ADJ	ATE2
freakin	ADJ	ATE2
royal	ADJ	ATE2
lumpy	ADJ	ATE2
drunk	ADJ	ATE2
much	ADJ	ATE2
good	ADJ	ATE2
non	ADJ	ATE2
-	ADJ	ATE2
lumpers	ADJ	ATE2
fine	ADJ	ATE2
lumpy	ADJ	ATE2
lame	ADJ	ATE2
lame	ADJ	ATE2
close	ADJ	ATE2
smooth	ADJ	ATE2
last	ADJ	ATE2
royal	ADJ	ATE2
sorry	ADJ	ATE2
horrible	ADJ	ATE2
weekly	ADJ	ATE2
weekly	ADJ	ATE2
awesome	ADJ	ATE2
hot	ADJ	ATE2
baaaaad	ADJ	ATE2
normal	ADJ	ATE2
sheer	ADJ	ATE2
electronic	ADJ	ATE2
right	ADJ	ATE2
lumpy	ADJ	ATE2
normal	ADJ	ATE2
gracious	ADJ	ATE2
terrible	ADJ	ATE2
lumpy	ADJ	ATE2
nice	ADJ	ATE2
shady	ADJ	ATE2
lumpy	ADJ	ATE2
hard	ADJ	ATE2
romantic	ADJ	ATE2
notorious	ADJ	ATE2
smooth	ADJ	ATE2
more	ADJ	ATE2
lumpy	ADJ	ATE2
smooth	ADJ	ATE2
smooth	ADJ	ATE2
good	ADJ	ATE2
up	ADJ	ATE2
lumpy	ADJ	ATE2
smooth	ADJ	ATE2
sure	ADJ	ATE2
lumpy	ADJ	ATE2
smooth	ADJ	ATE2
rude	ADJ	ATE2
right	ADJ	ATE2
welcome	ADJ	ATE2
mad	ADJ	ATE2
lumpy	ADJ	ATE2
fake	ADJ	ATE2
lumpy	ADJ	ATE2
plaintive	ADJ	ATE2
directionless	ADJ	ATE2
eternal	ADJ	ATE2
lumpy	ADJ	ATE2
dangerous	ADJ	ATE2
good	ADJ	ATE2
lumpy	ADJ	ATE2
multiple	ADJ	ATE2
insane	ADJ	ATE2
lumpy	ADJ	ATE2
good	ADJ	ATE2
wannabe	ADJ	ATE2
lumpy	ADJ	ATE2
lumpy	ADJ	ATE2
lumpy	ADJ	ATE2
good	ADJ	ATE2
dumb	ADJ	ATE2
right	ADJ	ATE2
bad	ADJ	ATE2
normal	ADJ	ATE2
lumpy	ADJ	ATE2
smooth	ADJ	ATE2
muscular	ADJ	ATE2
lumpy	ADJ	ATE2
cold	ADJ	ATE2
sorry	ADJ	ATE2
fine	ADJ	ATE2
last	ADJ	ATE2
good	ADJ	ATE2
lumpy	ADJ	ATE2
lame	ADJ	ATE2
normal	ADJ	ATE2
unknown	ADJ	ATE6
little	ADJ	ATE6
little	ADJ	ATE6
little	ADJ	ATE6
small	ADJ	ATE6
safe	ADJ	ATE6
adorable	ADJ	ATE6
more	ADJ	ATE6
good	ADJ	ATE6
fine	ADJ	ATE6
jiggly	ADJ	ATE6
good	ADJ	ATE6
little	ADJ	ATE6
sweet	ADJ	ATE6
little	ADJ	ATE6
new	ADJ	ATE6
cool	ADJ	ATE6
more	ADJ	ATE6
tired	ADJ	ATE6
comfy	ADJ	ATE6
ready	ADJ	ATE6
ok	ADJ	ATE6
little	ADJ	ATE6
ready	ADJ	ATE6
loose	ADJ	ATE6
limp	ADJ	ATE6
weird	ADJ	ATE6
extraordinary	ADJ	ATE6
doooowwwn	ADJ	ATE6
purple	ADJ	ATE6
strange	ADJ	ATE6
good	ADJ	ATE6
pink	ADJ	ATE6
wrong	ADJ	ATE6
purple	ADJ	ATE6
hot	ADJ	ATE6
favorite	ADJ	ATE6
awesome	ADJ	ATE6
bad	ADJ	ATE6
tough	ADJ	ATE6
awesome	ADJ	ATE6
nuts	ADJ	ATE6
sick	ADJ	ATE6
pink	ADJ	ATE6
wrong	ADJ	ATE6
wrong	ADJ	ATE6
ready	ADJ	ATE6
little	ADJ	ATE6
different	ADJ	ATE6
new	ADJ	ATE6
quick	ADJ	ATE6
more	ADJ	ATE6
terrible	ADJ	ATE6
more	ADJ	ATE6
well	ADJ	ATE6
right	ADJ	ATE6
little	ADJ	ATE6
pink	ADJ	ATE6
distressed	ADJ	ATE6
holy	ADJ	ATE6
weak	ADJ	ATE6
globular	ADJ	ATE6
least	ADJ	ATE6
dead	ADJ	ATE6
various	ADJ	ATE6
many	ADJ	ATE6
different	ADJ	ATE6
able	ADJ	ATE6
little	ADJ	ATE6
several	ADJ	ATE6
pink	ADJ	ATE6
weak	ADJ	ATE6
little	ADJ	ATE6
enraged	ADJ	ATE6
enraged	ADJ	ATE6
weak	ADJ	ATE6
crazy	ADJ	ATE6
cold	ADJ	ATE6
little	ADJ	ATE6
fair	ADJ	ATE6
angry	ADJ	ATE6
like	ADJ	ATE6
other	ADJ	ATE6
pink	ADJ	ATE6
enraged	ADJ	ATE6
own	ADJ	ATE6
wild	ADJ	ATE6
normal	ADJ	ATE6
foolish	ADJ	ATE7
posterior	ADJ	ATE7
posterior	ADJ	ATE7
posterior	ADJ	ATE7
other	ADJ	ATE7
welcome	ADJ	ATE7
next	ADJ	ATE7
ridiculous	ADJ	ATE7
funny	ADJ	ATE7
ready	ADJ	ATE7
focused	ADJ	ATE7
other	ADJ	ATE7
consensual	ADJ	ATE7
holy	ADJ	ATE7
great	ADJ	ATE7
glad	ADJ	ATE7
super	ADJ	ATE7
cute	ADJ	ATE7
irritated	ADJ	ATE7
ancient	ADJ	ATE7
balbaflonic	ADJ	ATE7
plasmodial	ADJ	ATE7
weird	ADJ	ATE7
new	ADJ	ATE7
independent	ADJ	ATE7
pro	ADJ	ATE7
low	ADJ	ATE7
good	ADJ	ATE7
good	ADJ	ATE7
jealous	ADJ	ATE7
weird	ADJ	ATE7
jealous	ADJ	ATE7
bad	ADJ	ATE7
alone	ADJ	ATE7
twisty	ADJ	ATE7
super	ADJ	ATE7
smart	ADJ	ATE7
weird	ADJ	ATE7
foldy	ADJ	ATE7
dramatic	ADJ	ATE7
sinister	ADJ	ATE7
romantic	ADJ	ATE7
big	ADJ	ATE7
pink	ADJ	ATE7
serious	ADJ	ATE7
wrong	ADJ	ATE7
wicked	ADJ	ATE7
wicked	ADJ	ATE7
nice	ADJ	ATE7
little	ADJ	ATE7
naive	ADJ	ATE7
holy	ADJ	ATE7
right	ADJ	ATE7
good	ADJ	ATE7
suspicious	ADJ	ATE7
super	ADJ	ATE7
-	ADJ	ATE7
powerful	ADJ	ATE7
less	ADJ	ATE7
evil	ADJ	ATE7
good	ADJ	ATE7
evil	ADJ	ATE7
nice	ADJ	ATE7
evil	ADJ	ATE7
evil	ADJ	ATE7
annoyed	ADJ	ATE7
complete	ADJ	ATE7
alright	ADJ	ATE7
balbaflonic	ADJ	ATE7
little	ADJ	ATE7
threatening	ADJ	ATE7
fragile	ADJ	ATE7
jealous	ADJ	ATE7
wrong	ADJ	ATE7
dark	ADJ	ATE7
wrong	ADJ	ATE7
evil	ADJ	ATE7
enervated	ADJ	ATE7
total	ADJ	ATE7
weak	ADJ	ATE7
current	ADJ	ATE7
dead	ADJ	ATE7
next	ADJ	ATE7
right	ADJ	ATE7
big	ADJ	ATE7
engaging	ADJ	ATE7
weak	ADJ	ATE7
own	ADJ	ATE7
villainous	ADJ	ATE7
old	ADJ	ATE7
wonderful	ADJ	ATE7
full	ADJ	ATE7
jealous	ADJ	ATE7
jealous	ADJ	ATE7
posterior	ADJ	ATE7
deep	ADJ	ATE7
normal	ADJ	ATE7
crazy	ADJ	ATE5
wonderful	ADJ	ATE5
marvelous	ADJ	ATE5
safe	ADJ	ATE5
secret	ADJ	ATE5
secret	ADJ	ATE5
yellow	ADJ	ATE5
magical	ADJ	ATE5
righteous	ADJ	ATE5
manly	ADJ	ATE5
righteous	ADJ	ATE5
high	ADJ	ATE5
human	ADJ	ATE5
young	ADJ	ATE5
-	ADJ	ATE5
many	ADJ	ATE5
noble	ADJ	ATE5
grueling	ADJ	ATE5
alive	ADJ	ATE5
dead	ADJ	ATE5
true	ADJ	ATE5
worthy	ADJ	ATE5
certain	ADJ	ATE5
welcome	ADJ	ATE5
key	ADJ	ATE5
cute	ADJ	ATE5
most	ADJ	ATE5
first	ADJ	ATE5
young	ADJ	ATE5
many	ADJ	ATE5
treacherous	ADJ	ATE5
last	ADJ	ATE5
more	ADJ	ATE5
alright	ADJ	ATE5
fine	ADJ	ATE5
menacing	ADJ	ATE5
old	ADJ	ATE5
old	ADJ	ATE5
la	ADJ	ATE5
old	ADJ	ATE5
old	ADJ	ATE5
old	ADJ	ATE5
old	ADJ	ATE5
old	ADJ	ATE5
old	ADJ	ATE5
old	ADJ	ATE5
blue	ADJ	ATE5
old	ADJ	ATE5
old	ADJ	ATE5
sad	ADJ	ATE5
big	ADJ	ATE5
old	ADJ	ATE5
other	ADJ	ATE5
big	ADJ	ATE5
old	ADJ	ATE5
other	ADJ	ATE5
distressed	ADJ	ATE5
old	ADJ	ATE5
old	ADJ	ATE5
righteous	ADJ	ATE5
wrongteous	ADJ	ATE5
regular	ADJ	ATE5
old	ADJ	ATE5
sweet	ADJ	ATE5
real	ADJ	ATE5
just	ADJ	ATE5
heroic	ADJ	ATE5
smart	ADJ	ATE5
giant	ADJ	ATE5
ok	ADJ	ATE5
impossible	ADJ	ATE5
long	ADJ	ATE5
giant	ADJ	ATE5
opposite	ADJ	ATE5
big	ADJ	ATE5
fine	ADJ	ATE5
okay	ADJ	ATE5
weird	ADJ	ATE5
righteous	ADJ	ATE5
long	ADJ	ATE5
righteous	ADJ	ATE5
aware	ADJ	ATE5
black	ADJ	ATE5
gray	ADJ	ATE5
disembodied	ADJ	ATE5
final	ADJ	ATE5
giant	ADJ	ATE5
evil	ADJ	ATE5
evil	ADJ	ATE5
last	ADJ	ATE5
evil	ADJ	ATE5
good	ADJ	ATE5
neutral	ADJ	ATE5
unaligned	ADJ	ATE5
real	ADJ	ATE5
red	ADJ	ATE5
key	ADJ	ATE5
sorry	ADJ	ATE5
little	ADJ	ATE5
devil	ADJ	ATE5
ready	ADJ	ATE5
mannish	ADJ	ATE5
mannish	ADJ	ATE5
mannish	ADJ	ATE5
manly	ADJ	ATE5
mannish	ADJ	ATE5
mannish	ADJ	ATE5
mannish	ADJ	ATE5
magical	ADJ	ATE5
ready	ADJ	ATE5
mannish	ADJ	ATE5
small	ADJ	ATE5
mannish	ADJ	ATE5
mannish	ADJ	ATE5
good	ADJ	ATE5
righteous	ADJ	ATE5
giant	ADJ	ATE5
true	ADJ	ATE5
open	ADJ	ATE5
magical	ADJ	ATE5
mannish	ADJ	ATE5
mannish	ADJ	ATE5
mannish	ADJ	ATE5
mannish	ADJ	ATE5
good	ADJ	ATE4
new	ADJ	ATE4
new	ADJ	ATE4
delicious	ADJ	ATE4
good	ADJ	ATE4
well	ADJ	ATE4
outer	ADJ	ATE4
lame	ADJ	ATE4
sorry	ADJ	ATE4
rare	ADJ	ATE4
awesome	ADJ	ATE4
deep	ADJ	ATE4
evil	ADJ	ATE4
cute	ADJ	ATE4
little	ADJ	ATE4
own	ADJ	ATE4
satisfied	ADJ	ATE4
high	ADJ	ATE4
high	ADJ	ATE4
weak	ADJ	ATE4
squishy	ADJ	ATE4
cool	ADJ	ATE4
perfect	ADJ	ATE4
careful	ADJ	ATE4
evil	ADJ	ATE4
holographic	ADJ	ATE4
evil	ADJ	ATE4
pretty	ADJ	ATE4
old	ADJ	ATE4
bonkers	ADJ	ATE4
evil	ADJ	ATE4
fine	ADJ	ATE4
fine	ADJ	ATE4
fine	ADJ	ATE4
sure	ADJ	ATE4
fine	ADJ	ATE4
fine	ADJ	ATE4
fine	ADJ	ATE4
fine	ADJ	ATE4
fine	ADJ	ATE4
fine	ADJ	ATE4
evil	ADJ	ATE4
evil	ADJ	ATE4
enough	ADJ	ATE4
evil	ADJ	ATE4
nice	ADJ	ATE4
many	ADJ	ATE4
crummy	ADJ	ATE4
big	ADJ	ATE4
old	ADJ	ATE4
mad	ADJ	ATE4
mad	ADJ	ATE4
super	ADJ	ATE4
-	ADJ	ATE4
cute	ADJ	ATE4
mad	ADJ	ATE4
top	ADJ	ATE4
top	ADJ	ATE4
womanly	ADJ	ATE4
many	ADJ	ATE4
lonely	ADJ	ATE4
magic	ADJ	ATE4
weak	ADJ	ATE4
sexy	ADJ	ATE4
terrible	ADJ	ATE4
horrible	ADJ	ATE4
huge	ADJ	ATE4
mad	ADJ	ATE4
huge	ADJ	ATE4
upset	ADJ	ATE4
precious	ADJ	ATE4
oww	ADJ	ATE4
precious	ADJ	ATE4
total	ADJ	ATE4
okay	ADJ	ATE4
okay	ADJ	ATE4
okay	ADJ	ATE4
stupid	ADJ	ATE4
stupid	ADJ	ATE4
shocking	ADJ	ATE4
great	ADJ	ATE9
normal	ADJ	ATE9
late	ADJ	ATE9
next	ADJ	ATE9
awesome	ADJ	ATE9
late	ADJ	ATE9
blue	ADJ	ATE9
green	ADJ	ATE9
green	ADJ	ATE9
good	ADJ	ATE9
sorry	ADJ	ATE9
good	ADJ	ATE9
good	ADJ	ATE9
same	ADJ	ATE9
great	ADJ	ATE9
great	ADJ	ATE9
right	ADJ	ATE9
great	ADJ	ATE9
silent	ADJ	ATE9
awesome	ADJ	ATE9
쟤가	ADJ	ATE9
있었을까	ADJ	ATE9
뛰어다닌	ADJ	ATE9
naked	ADJ	ATE9
crazy	ADJ	ATE9
mad	ADJ	ATE9
okay	ADJ	ATE9
other	ADJ	ATE9
universal	ADJ	ATE9
evil	ADJ	ATE9
little	ADJ	ATE9
sweet	ADJ	ATE9
deadly	ADJ	ATE9
blue	ADJ	ATE9
few	ADJ	ATE9
few	ADJ	ATE9
dead	ADJ	ATE9
incredible	ADJ	ATE9
old	ADJ	ATE9
nerdy	ADJ	ATE9
alien	ADJ	ATE9
ooor	ADJ	ATE9
scratchy	ADJ	ATE9
grungy	ADJ	ATE9
disturbed	ADJ	ATE9
old	ADJ	ATE9
angry	ADJ	ATE9
nerdy	ADJ	ATE9
indistinguishable	ADJ	ATE9
old	ADJ	ATE9
least	ADJ	ATE9
old	ADJ	ATE9
able	ADJ	ATE9
wavy	ADJ	ATE9
little	ADJ	ATE9
rocky	ADJ	ATE9
back	ADJ	ATE9
free	ADJ	ATE9
flat	ADJ	ATE9
like	ADJ	ATE9
huge	ADJ	ATE9
small	ADJ	ATE9
funn	ADJ	ATE9
whole	ADJ	ATE9
sad	ADJ	ATE9
mad	ADJ	ATE9
magical	ADJ	ATE9
cool	ADJ	ATE9
cool	ADJ	ATE9
many	ADJ	ATE9
blue	ADJ	ATE9
cool	ADJ	ATE9
awesome	ADJ	ATE9
nice	ADJ	ATE9
next	ADJ	ATE9
startled	ADJ	ATE9
sad	ADJ	ATE9
good	ADJ	ATE9
more	ADJ	ATE9
hurt	ADJ	ATE9
sad	ADJ	ATE9
harsh	ADJ	ATE9
weird	ADJ	ATE9
timeless	ADJ	ATE9
front	ADJ	ATE9
startled	ADJ	ATE9
good	ADJ	ATE9
good	ADJ	ATE9
sweet	ADJ	ATE9
evil	ADJ	ATE9
tender	ADJ	ATE9
beautiful	ADJ	ATE9
jealous	ADJ	ATE9
jealous	ADJ	ATE9
mad	ADJ	ATE9
jealous	ADJ	ATE9
good	ADJ	ATE9
startled	ADJ	ATE9
jealous	ADJ	ATE9
much	ADJ	ATE9
other	ADJ	ATE9
other	ADJ	ATE9
sorry	ADJ	ATE9
idiot	ADJ	ATE9
sweet	ADJ	ATE9
old	ADJ	ATE9
good	ADJ	ATE9
sorry	ADJ	ATE9
stupid	ADJ	ATE9
stupid	ADJ	ATE9
several	ADJ	ATE8
more	ADJ	ATE8
more	ADJ	ATE8
chubby	ADJ	ATE8
enough	ADJ	ATE8
hard	ADJ	ATE8
hard	ADJ	ATE8
lazy	ADJ	ATE8
huge	ADJ	ATE8
creepy	ADJ	ATE8
buncha	ADJ	ATE8
full	ADJ	ATE8
huge	ADJ	ATE8
red	ADJ	ATE8
red	ADJ	ATE8
red	ADJ	ATE8
red	ADJ	ATE8
red	ADJ	ATE8
more	ADJ	ATE8
efficient	ADJ	ATE8
murmur	ADJ	ATE8
fun	ADJ	ATE8
excited	ADJ	ATE8
several	ADJ	ATE8
poor	ADJ	ATE8
happy	ADJ	ATE8
full	ADJ	ATE8
able	ADJ	ATE8
fun	ADJ	ATE8
right	ADJ	ATE8
right	ADJ	ATE8
red	ADJ	ATE8
red	ADJ	ATE8
weird	ADJ	ATE8
red	ADJ	ATE8
ready	ADJ	ATE8
shiny	ADJ	ATE8
stinkin	ADJ	ATE8
sharp	ADJ	ATE8
different	ADJ	ATE8
clean	ADJ	ATE8
radd	ADJ	ATE8
fast	ADJ	ATE8
more	ADJ	ATE8
adequate	ADJ	ATE8
later	ADJ	ATE8
tired	ADJ	ATE8
tired	ADJ	ATE8
frickin	ADJ	ATE8
resilient	ADJ	ATE8
red	ADJ	ATE8
bottled	ADJ	ATE8
orange	ADJ	ATE8
red	ADJ	ATE8
great	ADJ	ATE8
right	ADJ	ATE8
good	ADJ	ATE8
large	ADJ	ATE8
giant	ADJ	ATE8
single	ADJ	ATE8
large	ADJ	ATE8
free	ADJ	ATE8
hind	ADJ	ATE8
old	ADJ	ATE8
hot	ADJ	ATE8
red	ADJ	ATE8
red	ADJ	ATE8
awesome	ADJ	ATE8
red	ADJ	ATE8
other	ADJ	ATE8
large	ADJ	ATE8
red	ADJ	ATE8
red	ADJ	ATE8
small	ADJ	ATE8
big	ADJ	ATE8
awesome	ADJ	ATE8
more	ADJ	ATE8
empty	ADJ	ATE8
fat	ADJ	ATE8
fat	ADJ	ATE8
complete	ADJ	ATE8
enormous	ADJ	ATE8
tired	ADJ	ATE8
fat	ADJ	ATE8
lazy	ADJ	ATE8
rewarding	ADJ	ATE8
huge	ADJ	ATE8
moldable	ADJ	ATE8
annoying	ADJ	ATE8
attractive	ADJ	ATE8
ugly	ADJ	ATE8
true	ADJ	ATE8
various	ADJ	ATE8
red	ADJ	ATE8
big	ADJ	ATE8
nice	ADJ	ATE8
awesome	ADJ	ATE8
tired	ADJ	ATE8
right	ADJ	ATE8
great	ADJ	ATE8
empty	ADJ	ATE8
fat	ADJ	ATE8
visible	ADJ	ATE8
large	ADJ	ATE8
red	ADJ	ATE8
crazy	ADJ	ATE8
lazy	ADJ	ATE8
red	ADJ	ATE8
red	ADJ	ATE8
efficient	ADJ	ATE8
unhappy	ADJ	ATE8
red	ADJ	ATE8
murmur	ADJ	ATE8
other	ADJ	ATE8
red	ADJ	ATE8
red	ADJ	ATE8
enormous	ADJ	ATE8
fat	ADJ	ATE8
legit	ADJ	ATE8
horrible	ADJ	ATE8
fat	ADJ	ATE8
more	ADJ	ATE8
fat	ADJ	ATE8
huge	ADJ	ATE8
big	ADJ	ATE8
second	ADJ	ATE8
ok	ADJ	ATE8
red	ADJ	ATE8
red	ADJ	ATE8
normal	ADJ	ATE8
stark	ADJ	ATE8
royal	ADJ	ATE18
last	ADJ	ATE18
dangerous	ADJ	ATE18
awesome	ADJ	ATE18
secret	ADJ	ATE18
deep	ADJ	ATE18
accursed	ADJ	ATE18
*	ADJ	ATE18
right	ADJ	ATE18
magnificent	ADJ	ATE18
good	ADJ	ATE18
muffled	ADJ	ATE18
ready	ADJ	ATE18
evil	ADJ	ATE18
mimic	ADJ	ATE18
black	ADJ	ATE18
demonic	ADJ	ATE18
freaky	ADJ	ATE18
approximate	ADJ	ATE18
many	ADJ	ATE18
idiot	ADJ	ATE18
afraid	ADJ	ATE18
radical	ADJ	ATE18
little	ADJ	ATE18
right	ADJ	ATE18
good	ADJ	ATE18
own	ADJ	ATE18
own	ADJ	ATE18
different	ADJ	ATE18
skeletal	ADJ	ATE18
giant	ADJ	ATE18
key	ADJ	ATE18
giant	ADJ	ATE18
key	ADJ	ATE18
key	ADJ	ATE18
green	ADJ	ATE18
sweet	ADJ	ATE18
gelatinous	ADJ	ATE18
green	ADJ	ATE18
further	ADJ	ATE18
small	ADJ	ATE18
huge	ADJ	ATE18
exponential	ADJ	ATE18
thine	ADJ	ATE18
own	ADJ	ATE18
single	ADJ	ATE18
big	ADJ	ATE18
deep	ADJ	ATE18
heavy	ADJ	ATE18
own	ADJ	ATE18
awake	ADJ	ATE18
right	ADJ	ATE18
about	ADJ	ATE18
nervous	ADJ	ATE18
scared	ADJ	ATE18
about	ADJ	ATE18
scared	ADJ	ATE18
few	ADJ	ATE18
more	ADJ	ATE18
silly	ADJ	ATE18
silly	ADJ	ATE18
okay	ADJ	ATE18
radical	ADJ	ATE18
comfortable	ADJ	ATE18
fine	ADJ	ATE18
true	ADJ	ATE18
hideous	ADJ	ATE18
raspy	ADJ	ATE18
full	ADJ	ATE18
sweet	ADJ	ATE18
little	ADJ	ATE18
low	ADJ	ATE18
long	ADJ	ATE18
beautiful	ADJ	ATE18
sick	ADJ	ATE18
worried	ADJ	ATE18
strange	ADJ	ATE18
impossible	ADJ	ATE18
farth	ADJ	ATE18
pathetic	ADJ	ATE18
frustrating	ADJ	ATE18
key	ADJ	ATE18
powdered	ADJ	ATE18
old	ADJ	ATE18
good	ADJ	ATE18
angry	ADJ	ATE18
well	ADJ	ATE18
intelligent	ADJ	ATE18
darn	ADJ	ATE18
right	ADJ	ATE18
secret	ADJ	ATE24
underway	ADJ	ATE24
loud	ADJ	ATE24
front	ADJ	ATE24
brittle	ADJ	ATE24
brittle	ADJ	ATE24
giant	ADJ	ATE24
sweet	ADJ	ATE24
more	ADJ	ATE24
more	ADJ	ATE24
sure	ADJ	ATE24
good	ADJ	ATE24
dark	ADJ	ATE24
gloomy	ADJ	ATE24
gloomy	ADJ	ATE24
deserted	ADJ	ATE24
secret	ADJ	ATE24
lousy	ADJ	ATE24
awful	ADJ	ATE24
long	ADJ	ATE24
more	ADJ	ATE24
sorry	ADJ	ATE24
prepared	ADJ	ATE24
total	ADJ	ATE24
magical	ADJ	ATE24
menacing	ADJ	ATE24
giant	ADJ	ATE24
well	ADJ	ATE24
sorry	ADJ	ATE24
sorry	ADJ	ATE24
full	ADJ	ATE24
first	ADJ	ATE24
meaningless	ADJ	ATE24
bad	ADJ	ATE24
ready	ADJ	ATE24
recent	ADJ	ATE24
rockin	ADJ	ATE24
bad	ADJ	ATE24
terrible	ADJ	ATE24
true	ADJ	ATE24
dark	ADJ	ATE24
behold	ADJ	ATE24
true	ADJ	ATE24
crazy	ADJ	ATE24
right	ADJ	ATE24
much	ADJ	ATE24
bad	ADJ	ATE24
wrong	ADJ	ATE24
offscreen	ADJ	ATE24
glad	ADJ	ATE24
bad	ADJ	ATE24
wrong	ADJ	ATE24
more	ADJ	ATE24
good	ADJ	ATE24
fist	ADJ	ATE24
magic	ADJ	ATE24
sorry	ADJ	ATE24
secret	ADJ	ATE24
pink	ADJ	ATE24
proud	ADJ	ATE24
right	ADJ	ATE24
enraged	ADJ	ATE24
full	ADJ	ATE24
sick	ADJ	ATE24
other	ADJ	ATE24
old	ADJ	ATE24
sick	ADJ	ATE24
new	ADJ	ATE24
entire	ADJ	ATE24
blue	ADJ	ATE24
only	ADJ	ATE24
pained	ADJ	ATE24
sound	ADJ	ATE24
common	ADJ	ATE24
straight	ADJ	ATE24
worth	ADJ	ATE24
virile	ADJ	ATE24
right	ADJ	ATE24
ominous	ADJ	ATE24
ready	ADJ	ATE24
weird	ADJ	ATE24
right	ADJ	ATE24
other	ADJ	ATE24
right	ADJ	ATE24
sound	ADJ	ATE24
giddy	ADJ	ATE24
shrunken	ADJ	ATE24
own	ADJ	ATE24
good	ADJ	ATE24
dead	ADJ	ATE24
only	ADJ	ATE24
loud	ADJ	ATE24
healthy	ADJ	ATE24
healthy	ADJ	ATE24
More	ADJ	ATE24
candy	ADJ	ATE24
well	ADJ	ATE24
happy	ADJ	ATE24
good	ADJ	ATE24
lifeless	ADJ	ATE24
mean	ADJ	ATE24
lifeless	ADJ	ATE24
dead	ADJ	ATE24
dead	ADJ	ATE24
great	ADJ	ATE25
last	ADJ	ATE25
terminal	ADJ	ATE25
inflatable	ADJ	ATE25
mini	ADJ	ATE25
funky	ADJ	ATE25
tiny	ADJ	ATE25
musical	ADJ	ATE25
mathematical	ADJ	ATE25
cool	ADJ	ATE25
legendary	ADJ	ATE25
cool	ADJ	ATE25
huge	ADJ	ATE25
little	ADJ	ATE25
paunchy	ADJ	ATE25
pointless	ADJ	ATE25
own	ADJ	ATE25
wrong	ADJ	ATE25
pointless	ADJ	ATE25
different	ADJ	ATE25
dead	ADJ	ATE25
silly	ADJ	ATE25
little	ADJ	ATE25
magic	ADJ	ATE25
evil	ADJ	ATE25
new	ADJ	ATE25
hopeless	ADJ	ATE25
other	ADJ	ATE25
active	ADJ	ATE25
nonviolent	ADJ	ATE25
secret	ADJ	ATE25
tough	ADJ	ATE25
easy	ADJ	ATE25
horrible	ADJ	ATE25
wrong	ADJ	ATE25
hungry	ADJ	ATE25
more	ADJ	ATE25
weird	ADJ	ATE25
well	ADJ	ATE25
free	ADJ	ATE25
free	ADJ	ATE25
hungry	ADJ	ATE25
sure	ADJ	ATE25
adequate	ADJ	ATE25
other	ADJ	ATE25
great	ADJ	ATE25
alive	ADJ	ATE25
beautiful	ADJ	ATE25
More	ADJ	ATE25
much	ADJ	ATE25
empty	ADJ	ATE25
evil	ADJ	ATE25
useless	ADJ	ATE25
chunk	ADJ	ATE25
new	ADJ	ATE25
broken	ADJ	ATE25
fancy	ADJ	ATE25
content	ADJ	ATE25
small	ADJ	ATE25
magic	ADJ	ATE25
extra	ADJ	ATE25
nonviolent	ADJ	ATE25
first	ADJ	ATE25
good	ADJ	ATE25
little	ADJ	ATE25
first	ADJ	ATE25
nonviolent	ADJ	ATE25
frustrated	ADJ	ATE25
medical	ADJ	ATE25
hot	ADJ	ATE25
smokin	ADJ	ATE25
serious	ADJ	ATE25
new	ADJ	ATE25
complete	ADJ	ATE25
hot	ADJ	ATE25
powerful	ADJ	ATE25
pained	ADJ	ATE25
magic	ADJ	ATE25
left	ADJ	ATE25
robotic	ADJ	ATE25
cyborg	ADJ	ATE25
hot	ADJ	ATE25
right	ADJ	ATE25
hot	ADJ	ATE25
lumpy	ADJ	ATE25
beautiful	ADJ	ATE25
robotic	ADJ	ATE25
nonviolent	ADJ	ATE25
bummed	ADJ	ATE25
halfway	ADJ	ATE25
weeeelcooome	ADJ	ATE25
more	ADJ	ATE25
hey	ADJ	ATE25
quiet	ADJ	ATE25
heavy	ADJ	ATE25
evil	ADJ	ATE25
old	ADJ	ATE25
old	ADJ	ATE25
righteous	ADJ	ATE25
old	ADJ	ATE25
right	ADJ	ATE25
wrong	ADJ	ATE25
great	ADJ	ATE25
violent	ADJ	ATE25
old	ADJ	ATE25
true	ADJ	ATE25
evil	ADJ	ATE25
old	ADJ	ATE25
rowdy	ADJ	ATE25
old	ADJ	ATE25
old	ADJ	ATE25
old	ADJ	ATE25
clear	ADJ	ATE25
exciting	ADJ	ATE25
old	ADJ	ATE25
old	ADJ	ATE25
pointless	ADJ	ATE25
old	ADJ	ATE25
dead	ADJ	ATE25
bad	ADJ	ATE25
old	ADJ	ATE25
alive	ADJ	ATE25
happy	ADJ	ATE25
elated	ADJ	ATE25
right	ADJ	ATE25
very	ADJ	ATE25
literal	ADJ	ATE25
freakin	ADJ	ATE25
old	ADJ	ATE25
old	ADJ	ATE25
nearby	ADJ	ATE19
purple	ADJ	ATE19
humanoid	ADJ	ATE19
orange	ADJ	ATE19
green	ADJ	ATE19
pink	ADJ	ATE19
blue	ADJ	ATE19
unknown	ADJ	ATE19
good	ADJ	ATE19
stupid	ADJ	ATE19
lame	ADJ	ATE19
green	ADJ	ATE19
bald	ADJ	ATE19
nuts	ADJ	ATE19
thick	ADJ	ATE19
ok	ADJ	ATE19
green	ADJ	ATE19
bald	ADJ	ATE19
okay	ADJ	ATE19
sorry	ADJ	ATE19
depressed	ADJ	ATE19
dear	ADJ	ATE19
beautiful	ADJ	ATE19
bubblegummy	ADJ	ATE19
bad	ADJ	ATE19
flawless	ADJ	ATE19
flawless	ADJ	ATE19
cold	ADJ	ATE19
bonkers	ADJ	ATE19
bad	ADJ	ATE19
rotten	ADJ	ATE19
ugly	ADJ	ATE19
right	ADJ	ATE19
crooked	ADJ	ATE19
villainous	ADJ	ATE19
creepy	ADJ	ATE19
wonderful	ADJ	ATE19
pet	ADJ	ATE19
privileged	ADJ	ATE19
rancid	ADJ	ATE19
necessary	ADJ	ATE19
evil	ADJ	ATE19
nuts	ADJ	ATE19
small	ADJ	ATE19
tough	ADJ	ATE19
little	ADJ	ATE19
nice	ADJ	ATE19
good	ADJ	ATE19
wet	ADJ	ATE19
villainous	ADJ	ATE19
enough	ADJ	ATE19
bad	ADJ	ATE19
unnoticed	ADJ	ATE19
odd	ADJ	ATE19
embarrassed	ADJ	ATE19
rare	ADJ	ATE19
royal	ADJ	ATE19
bald	ADJ	ATE19
nice	ADJ	ATE19
okay	ADJ	ATE19
bad	ADJ	ATE19
nice	ADJ	ATE19
mobile	ADJ	ATE19
grave	ADJ	ATE19
very	ADJ	ATE19
dead	ADJ	ATE19
strange	ADJ	ATE19
own	ADJ	ATE19
nearby	ADJ	ATE19
fair	ADJ	ATE19
pink	ADJ	ATE19
flush	ADJ	ATE19
long	ADJ	ATE19
gooey	ADJ	ATE19
little	ADJ	ATE19
right	ADJ	ATE19
innocent	ADJ	ATE19
golden	ADJ	ATE19
sucky	ADJ	ATE19
sorry	ADJ	ATE19
mad	ADJ	ATE19
penitent	ADJ	ATE19
nuts	ADJ	ATE19
true	ADJ	ATE19
sorry	ADJ	ATE19
medical	ADJ	ATE19
poor	ADJ	ATE19
sorry	ADJ	ATE19
ugly	ADJ	ATE19
pre	ADJ	ATE19
-	ADJ	ATE19
written	ADJ	ATE19
presumptuous	ADJ	ATE19
distinguished	ADJ	ATE19
oval	ADJ	ATE19
-	ADJ	ATE19
oval	ADJ	ATE19
-	ADJ	ATE19
open	ADJ	ATE19
horrible	ADJ	ATE26
distant	ADJ	ATE26
several	ADJ	ATE26
awesome	ADJ	ATE26
big	ADJ	ATE26
bad	ADJ	ATE26
scary	ADJ	ATE26
wee	ADJ	ATE26
sized	ADJ	ATE26
scared	ADJ	ATE26
wee	ADJ	ATE26
wee	ADJ	ATE26
wee'd	ADJ	ATE26
terrified	ADJ	ATE26
-	ADJ	ATE26
wee	ADJ	ATE26
weird	ADJ	ATE26
kiddin	ADJ	ATE26
normal	ADJ	ATE26
cute	ADJ	ATE26
little	ADJ	ATE26
cute	ADJ	ATE26
monstrous	ADJ	ATE26
true	ADJ	ATE26
interesting	ADJ	ATE26
ridiculous	ADJ	ATE26
normal	ADJ	ATE26
cute	ADJ	ATE26
little	ADJ	ATE26
cute	ADJ	ATE26
hot	ADJ	ATE26
mad	ADJ	ATE26
cute	ADJ	ATE26
cute	ADJ	ATE26
cute	ADJ	ATE26
cute	ADJ	ATE26
cute	ADJ	ATE26
big	ADJ	ATE26
cute	ADJ	ATE26
creepy	ADJ	ATE26
worried	ADJ	ATE26
perfect	ADJ	ATE26
fat	ADJ	ATE26
several	ADJ	ATE26
spiky	ADJ	ATE26
very	ADJ	ATE26
weird	ADJ	ATE26
different	ADJ	ATE26
scared	ADJ	ATE26
spiky	ADJ	ATE26
good	ADJ	ATE26
cute	ADJ	ATE26
weird	ADJ	ATE26
obvious	ADJ	ATE26
spiky	ADJ	ATE26
spiky	ADJ	ATE26
good	ADJ	ATE26
enough	ADJ	ATE26
free	ADJ	ATE26
old	ADJ	ATE26
cute	ADJ	ATE26
sharp	ADJ	ATE26
little	ADJ	ATE26
cutesy	ADJ	ATE26
little	ADJ	ATE26
cutesy	ADJ	ATE26
cute	ADJ	ATE26
fit	ADJ	ATE26
huge	ADJ	ATE26
stupid	ADJ	ATE26
crazy	ADJ	ATE26
radical	ADJ	ATE26
normal	ADJ	ATE26
normal	ADJ	ATE26
nuts	ADJ	ATE26
crazy	ADJ	ATE26
like	ADJ	ATE26
crazy	ADJ	ATE26
good	ADJ	ATE26
good	ADJ	ATE26
more	ADJ	ATE26
spiky	ADJ	ATE26
open	ADJ	ATE26
spiky	ADJ	ATE26
hot	ADJ	ATE26
spiky	ADJ	ATE26
naughty	ADJ	ATE26
spiky	ADJ	ATE26
spiky	ADJ	ATE26
many	ADJ	ATE22
old	ADJ	ATE22
poor	ADJ	ATE22
old	ADJ	ATE22
old	ADJ	ATE22
favorite	ADJ	ATE22
little	ADJ	ATE22
poor	ADJ	ATE22
old	ADJ	ATE22
old	ADJ	ATE22
old	ADJ	ATE22
free	ADJ	ATE22
old	ADJ	ATE22
old	ADJ	ATE22
free	ADJ	ATE22
horrific	ADJ	ATE22
old	ADJ	ATE22
lucky	ADJ	ATE22
first	ADJ	ATE22
like	ADJ	ATE22
sentient	ADJ	ATE22
innocent	ADJ	ATE22
white	ADJ	ATE22
yellow	ADJ	ATE22
yellow	ADJ	ATE22
open	ADJ	ATE22
yellow	ADJ	ATE22
perfect	ADJ	ATE22
human	ADJ	ATE22
white	ADJ	ATE22
liquid	ADJ	ATE22
sorry	ADJ	ATE22
single	ADJ	ATE22
right	ADJ	ATE22
married	ADJ	ATE22
enough	ADJ	ATE22
light	ADJ	ATE22
blue	ADJ	ATE22
white	ADJ	ATE22
triangular	ADJ	ATE22
red	ADJ	ATE22
immobile	ADJ	ATE22
crimson	ADJ	ATE22
red	ADJ	ATE22
delicious	ADJ	ATE22
wrong	ADJ	ATE22
white	ADJ	ATE22
beautiful	ADJ	ATE22
more	ADJ	ATE22
wrong	ADJ	ATE22
little	ADJ	ATE22
dead	ADJ	ATE22
undead	ADJ	ATE22
black	ADJ	ATE22
dead	ADJ	ATE22
eeehhh	ADJ	ATE22
ready	ADJ	ATE22
evil	ADJ	ATE22
rear	ADJ	ATE22
undead	ADJ	ATE22
white	ADJ	ATE22
excited	ADJ	ATE22
wild	ADJ	ATE22
entire	ADJ	ATE22
bombastic	ADJ	ATE22
bad	ADJ	ATE22
second	ADJ	ATE22
first	ADJ	ATE22
wonderful	ADJ	ATE22
next	ADJ	ATE22
late	ADJ	ATE22
bad	ADJ	ATE22
bad	ADJ	ATE22
cute	ADJ	ATE22
right	ADJ	ATE22
sure	ADJ	ATE22
cute	ADJ	ATE22
dimple	ADJ	ATE22
dimple	ADJ	ATE22
cool	ADJ	ATE22
dimple	ADJ	ATE22
sure	ADJ	ATE22
sure	ADJ	ATE22
happy	ADJ	ATE22
white	ADJ	ATE22
white	ADJ	ATE22
white	ADJ	ATE22
adorable	ADJ	ATE22
dimple	ADJ	ATE22
free	ADJ	ATE22
bad	ADJ	ATE22
next	ADJ	ATE22
peach	ADJ	ATE22
peach	ADJ	ATE22
red	ADJ	ATE22
peach	ADJ	ATE22
white	ADJ	ATE22
sure	ADJ	ATE22
good	ADJ	ATE22
casual	ADJ	ATE22
hardcore	ADJ	ATE22
peach	ADJ	ATE22
peach	ADJ	ATE22
gray	ADJ	ATE22
old	ADJ	ATE22
old	ADJ	ATE22
gray	ADJ	ATE22
ready	ADJ	ATE22
unholy	ADJ	ATE22
free	ADJ	ATE22
yellow	ADJ	ATE22
other	ADJ	ATE22
yellow	ADJ	ATE22
radical	ADJ	ATE22
free	ADJ	ATE22
cool	ADJ	ATE22
big	ADJ	ATE22
right	ADJ	ATE22
ready	ADJ	ATE23
ready	ADJ	ATE23
cool	ADJ	ATE23
dark	ADJ	ATE23
big	ADJ	ATE23
beautiful	ADJ	ATE23
stayin	ADJ	ATE23
new	ADJ	ATE23
cool	ADJ	ATE23
interesting	ADJ	ATE23
shut	ADJ	ATE23
weak	ADJ	ATE23
rockin	ADJ	ATE23
kick	ADJ	ATE23
kick	ADJ	ATE23
imaginative	ADJ	ATE23
near	ADJ	ATE23
intense	ADJ	ATE23
like	ADJ	ATE23
real	ADJ	ATE23
own	ADJ	ATE23
alive	ADJ	ATE23
well	ADJ	ATE23
new	ADJ	ATE23
amazing	ADJ	ATE23
cute	ADJ	ATE23
easy	ADJ	ATE23
bad	ADJ	ATE23
cosmic	ADJ	ATE23
well	ADJ	ATE23
invisible	ADJ	ATE23
invisible	ADJ	ATE23
angry	ADJ	ATE23
high	ADJ	ATE23
short	ADJ	ATE23
imaginary	ADJ	ATE23
mysterious	ADJ	ATE23
simple	ADJ	ATE23
other	ADJ	ATE23
imaginary	ADJ	ATE23
sorry	ADJ	ATE23
sorry	ADJ	ATE23
okay	ADJ	ATE23
big	ADJ	ATE23
celebratory	ADJ	ATE23
about	ADJ	ATE23
clear	ADJ	ATE23
cute	ADJ	ATE23
invisible	ADJ	ATE23
invisible	ADJ	ATE23
clear	ADJ	ATE23
invisible	ADJ	ATE23
imaginary	ADJ	ATE23
few	ADJ	ATE23
regular	ADJ	ATE23
awake	ADJ	ATE23
healthy	ADJ	ATE23
bombastic	ADJ	ATE23
bombastic	ADJ	ATE23
amazing	ADJ	ATE23
amazing	ADJ	ATE23
amazing	ADJ	ATE23
continuous	ADJ	ATE23
continuous	ADJ	ATE23
true	ADJ	ATE23
mine	ADJ	ATE23
happy	ADJ	ATE23
purposeless	ADJ	ATE23
late	ADJ	ATE23
dainty	ADJ	ATE23
mad	ADJ	ATE23
bad	ADJ	ATE23
lame	ADJ	ATE23
least	ADJ	ATE23
former	ADJ	ATE23
latter	ADJ	ATE23
gentle	ADJ	ATE23
young	ADJ	ATE23
secret	ADJ	ATE23
civilized	ADJ	ATE23
robotic	ADJ	ATE23
hyper	ADJ	ATE23
frustrated	ADJ	ATE23
normal	ADJ	ATE23
normal	ADJ	ATE23
naked	ADJ	ATE23
okay	ADJ	ATE23
mmmm	ADJ	ATE23
clear	ADJ	ATE23
good	ADJ	ATE23
tall	ADJ	ATE21
ordinary	ADJ	ATE21
little	ADJ	ATE21
ordinary	ADJ	ATE21
little	ADJ	ATE21
regular	ADJ	ATE21
ordinary	ADJ	ATE21
sinister	ADJ	ATE21
ordinary	ADJ	ATE21
obnoxious	ADJ	ATE21
right	ADJ	ATE21
careful	ADJ	ATE21
much	ADJ	ATE21
good	ADJ	ATE21
tiny	ADJ	ATE21
cute	ADJ	ATE21
little	ADJ	ATE21
stupid	ADJ	ATE21
dumb	ADJ	ATE21
jowl	ADJ	ATE21
more	ADJ	ATE21
ninja	ADJ	ATE21
wrong	ADJ	ATE21
wrong	ADJ	ATE21
right	ADJ	ATE21
good	ADJ	ATE21
okay	ADJ	ATE21
complete	ADJ	ATE21
jerky	ADJ	ATE21
giant	ADJ	ATE21
like	ADJ	ATE21
kiddin	ADJ	ATE21
real	ADJ	ATE21
mixed	ADJ	ATE21
rough	ADJ	ATE21
sensitive	ADJ	ATE21
mixed	ADJ	ATE21
good	ADJ	ATE21
fun	ADJ	ATE21
well	ADJ	ATE21
good	ADJ	ATE21
cute	ADJ	ATE21
little	ADJ	ATE21
blue	ADJ	ATE21
complicated	ADJ	ATE21
great	ADJ	ATE21
cool	ADJ	ATE21
transparent	ADJ	ATE21
cool	ADJ	ATE21
more	ADJ	ATE21
well	ADJ	ATE21
incapable	ADJ	ATE21
mad	ADJ	ATE21
other	ADJ	ATE21
little	ADJ	ATE21
unknown	ADJ	ATE21
deadly	ADJ	ATE21
loud	ADJ	ATE21
entire	ADJ	ATE21
quick	ADJ	ATE21
bad	ADJ	ATE21
old	ADJ	ATE21
old	ADJ	ATE21
siamese	ADJ	ATE21
twin	ADJ	ATE21
alright	ADJ	ATE21
fine	ADJ	ATE21
fine	ADJ	ATE21
bad	ADJ	ATE21
bad	ADJ	ATE21
old	ADJ	ATE21
calm	ADJ	ATE21
common	ADJ	ATE21
normal	ADJ	ATE21
bottom	ADJ	ATE21
natural	ADJ	ATE21
powerful	ADJ	ATE21
pungent	ADJ	ATE21
deadly	ADJ	ATE21
such	ADJ	ATE21
sweet	ADJ	ATE21
siamese	ADJ	ATE21
jerky	ADJ	ATE21
wrong	ADJ	ATE21
steady	ADJ	ATE21
lookin	ADJ	ATE21
good	ADJ	ATE21
musical	ADJ	ATE21
perfect	ADJ	ATE21
tragic	ADJ	ATE21
new	ADJ	ATE21
sure	ADJ	ATE21
musical	ADJ	ATE21
open	ADJ	ATE21
good	ADJ	ATE21
real	ADJ	ATE21
right	ADJ	ATE21
good	ADJ	ATE21
sticky	ADJ	ATE21
sticky	ADJ	ATE21
short	ADJ	ATE21
sensitive	ADJ	ATE21
dumb	ADJ	ATE21
super	ADJ	ATE21
real	ADJ	ATE21
pathetic	ADJ	ATE21
comical	ADJ	ATE21
angry	ADJ	ATE21
feelin	ADJ	ATE21
obnoxious	ADJ	ATE21
ready	ADJ	ATE21
new	ADJ	ATE21
sorry	ADJ	ATE21
tired	ADJ	ATE21
mysterious	ADJ	ATE20
tattered	ADJ	ATE20
poor	ADJ	ATE20
old	ADJ	ATE20
surprised	ADJ	ATE20
little	ADJ	ATE20
homeless	ADJ	ATE20
wrong	ADJ	ATE20
secret	ADJ	ATE20
nice	ADJ	ATE20
little	ADJ	ATE20
other	ADJ	ATE20
distraught	ADJ	ATE20
happy	ADJ	ATE20
little	ADJ	ATE20
cute	ADJ	ATE20
little	ADJ	ATE20
tiny	ADJ	ATE20
tiny	ADJ	ATE20
wrong	ADJ	ATE20
magic	ADJ	ATE20
blue	ADJ	ATE20
mystical	ADJ	ATE20
magical	ADJ	ATE20
worried	ADJ	ATE20
giant	ADJ	ATE20
low	ADJ	ATE20
top	ADJ	ATE20
same	ADJ	ATE20
magical	ADJ	ATE20
nutty	ADJ	ATE20
stinky	ADJ	ATE20
good	ADJ	ATE20
big	ADJ	ATE20
good	ADJ	ATE20
magic	ADJ	ATE20
wrong	ADJ	ATE20
huge	ADJ	ATE20
more	ADJ	ATE20
headed	ADJ	ATE20
big	ADJ	ATE20
wide	ADJ	ATE20
magic	ADJ	ATE20
little	ADJ	ATE20
next	ADJ	ATE20
giant	ADJ	ATE20
evil	ADJ	ATE20
evil	ADJ	ATE20
great	ADJ	ATE20
more	ADJ	ATE20
enormous	ADJ	ATE20
indistinct	ADJ	ATE20
big	ADJ	ATE20
fat	ADJ	ATE20
unsure	ADJ	ATE20
deep	ADJ	ATE20
small	ADJ	ATE20
small	ADJ	ATE20
hot	ADJ	ATE20
hot	ADJ	ATE20
red	ADJ	ATE20
green	ADJ	ATE20
blue	ADJ	ATE20
rid	ADJ	ATE20
full	ADJ	ATE20
about	ADJ	ATE20
upset	ADJ	ATE20
magic	ADJ	ATE20
good	ADJ	ATE20
fancy	ADJ	ATE20
old	ADJ	ATE20
surprised	ADJ	ATE20
makeshift	ADJ	ATE20
other	ADJ	ATE20
accursed	ADJ	ATE20
normal	ADJ	ATE20
other	ADJ	ATE20
pink	ADJ	ATE20
humanoid	ADJ	ATE20
blue	ADJ	ATE20
light	ADJ	ATE20
brown	ADJ	ATE20
other	ADJ	ATE20
beige	ADJ	ATE20
orange	ADJ	ATE20
only	ADJ	ATE20
orange	ADJ	ATE20
orange	ADJ	ATE20
cool	ADJ	ATE20
worthless	ADJ	ATE20
miserable	ADJ	ATE20
comfortable	ADJ	ATE20
miserable	ADJ	ATE20
right	ADJ	ATE20
depressed	ADJ	ATE20
cool	ADJ	ATE20
cool	ADJ	ATE20
hot	ADJ	ATE20
sick	ADJ	ATE20
worth	ADJ	ATE20
emotional	ADJ	ATE20
other	ADJ	ATE20
puzzled	ADJ	ATE20
clumped	ADJ	ATE20
angry	ADJ	ATE20
other	ADJ	ATE20
single	ADJ	ATE20
big	ADJ	ATE20
normal	ADJ	ATE20
perfect	ADJ	ATE20
little	ADJ	ATE20
second	ADJ	ATE20
right	ADJ	ATE20
magic	ADJ	ATE20
afraid	ADJ	ATE20
sure	ADJ	ATE20
darn	ADJ	ATE20
right	ADJ	ATE20
kind	ADJ	ATE20
angry	ADJ	ATE20
close	ADJ	ATE20
nice	ADJ	ATE20
big	ADJ	ATE20
normal	ADJ	ATE20
more	ADJ	ATE20
welcome	ADJ	ATE20
frickin	ADJ	ATE20
least	ADJ	ATE20
regular	ADJ	ATE20
single	ADJ	ATE20
original	ADJ	ATE20
strong	ADJ	ATE20
embarrassed	ADJ	ATE20
complicated	ADJ	ATE20
old	ADJ	ATE20
